review_id,AED_ID_1,AED_ID_2,building_1,building_2,road_1,road_2,postal_code_1,postal_code_2,location_1,location_2,latitude_1,longitude_1,latitude_2,longitude_2,distance_meters,rule,confidence,reason,human_label,reviewer_note
1,098137-001,098137-002,SEA Aquarium,Maritime Experiential Museum,Sentosa Gateway,Sentosa Gateway,98137,98137,"Level B1 Near SEA Aquarium Entrance Or Exit, Opposite Passenger Lift",Level 1 Inside Typhoon Theatre,1.25880396,103.8203583,1.25880396,103.8203583,,EXACT_COORDINATES,HIGH,Records have identical latitude and longitude but different AED IDs.,UNREVIEWED,
2,117578-002,117578-001,Blk E1,Blk E1,Engineering Drive 2,Engineering Drive 2,117578,117578,"Blk EA, Level 1, Lift Lobby","Level 4 Blk E1, Lift Lobby",1.29886401,103.7710495,1.29886401,103.7710495,,EXACT_COORDINATES,HIGH,Records have identical latitude and longitude but different AED IDs.,UNREVIEWED,
3,128378-001,128378-003,,,Pandan Loop,Pandan Loop,128378,128378,Level 1 Workshop Office,Level 1 Commercial Vehicle Customer Service Centre,1.30909598,103.7535172,1.30909598,103.7535172,,EXACT_COORDINATES,HIGH,Records have identical latitude and longitude but different AED IDs.,UNREVIEWED,
4,159930-001,159930-002,,,Alexandra Road,Alexandra Road,159930,159930,Level 1 Workshop,Level 3 Near Carpark,1.291538,103.8131485,1.291538,103.8131485,,EXACT_COORDINATES,HIGH,Records have identical latitude and longitude but different AED IDs.,UNREVIEWED,
5,159968-002,159968-003,Mercedes-Benz Center,Mercedes-Benz Center,Alexandra Road,Alexandra Road,159968,159968,Level 1 Beside Lift Lobby,Level 3 Office,1.29029596,103.8080826,1.29029596,103.8080826,,EXACT_COORDINATES,HIGH,Records have identical latitude and longitude but different AED IDs.,UNREVIEWED,
6,169629-002,169629-001,"Four Points by Sheraton Singapore, Riverview","Four Points by Sheraton Singapore, Riverview",Havelock Road,Havelock Road,169629,169629,Level 5 Swimming Pool (Near Gym),Level 1 Reception Counter,1.28935301,103.8365936,1.28935301,103.8365936,,EXACT_COORDINATES,HIGH,Records have identical latitude and longitude but different AED IDs.,UNREVIEWED,
7,169632-002,169632-001,Copthorne King's Hotel Singapore,Copthorne King's Hotel Singapore,Havelock Road,Havelock Road,169632,169632,Level 3 Swimming Pool,Level 1 Fire Command Centre,1.28833699,103.8366699,1.28833699,103.8366699,,EXACT_COORDINATES,HIGH,Records have identical latitude and longitude but different AED IDs.,UNREVIEWED,
8,169663-002,169663-003,Grand Copthorne Waterfront Hotel Singapore,Grand Copthorne Waterfront Hotel Singapore,Havelock Road,Havelock Road,169663,169663,Level 6 Swimming Pool Area,Level 6 Inside Gym,1.290193,103.83518,1.290193,103.83518,,EXACT_COORDINATES,HIGH,Records have identical latitude and longitude but different AED IDs.,UNREVIEWED,
9,178882-002,178882-001,"Swissotel The Stamford, Singapore","Swissotel The Stamford, Singapore",Stamford Road,Stamford Road,178882,178882,Level 70 Service Area Lift Lobby,Level 1 Front Office,1.29332495,103.8534241,1.29332495,103.8534241,,EXACT_COORDINATES,HIGH,Records have identical latitude and longitude but different AED IDs.,UNREVIEWED,
10,179038-001,179038-002,Fort Canning MRT Station,Fort Canning MRT Station,River Valley Road,River Valley Road,179038,179038,Platform Level (DTL),Near Passenger Service Centre (DTL),1.29250002,103.8442993,1.29250002,103.8442993,,EXACT_COORDINATES,HIGH,Records have identical latitude and longitude but different AED IDs.,UNREVIEWED,
11,179809-002,179809-001,Grandpark City Hall Hotel,Grandpark City Hall Hotel,Coleman Street,Coleman Street,179809,179809,Level 4 Near Swimming Pool,Level 1 FCC Security Office,1.29266906,103.8498917,1.29266906,103.8498917,,EXACT_COORDINATES,HIGH,Records have identical latitude and longitude but different AED IDs.,UNREVIEWED,
12,189658-001,189658-002,Bencoolen MRT Station,Bencoolen MRT Station,Bencoolen Street,Bencoolen Street,189658,189658,Platform Level (DTL),Near Passenger Service Centre (DTL),1.29890001,103.8504028,1.29890001,103.8504028,,EXACT_COORDINATES,HIGH,Records have identical latitude and longitude but different AED IDs.,UNREVIEWED,
13,208826-001,208826-002,Jalan Besar MRT Station,Jalan Besar MRT Station,Jalan Besar,Jalan Besar,208826,208826,Platform Level (DTL),Near Passenger Service Centre (DTL),1.30540001,103.8554001,1.30540001,103.8554001,,EXACT_COORDINATES,HIGH,Records have identical latitude and longitude but different AED IDs.,UNREVIEWED,
14,229616-002,229616-001,Holiday Inn Singapore Orchard City Centre,Holiday Inn Singapore Orchard City Centre,Cavenagh Road,Cavenagh Road,229616,229616,Level 4 Inside Gym,Level 1 Inside Front Office,1.30229497,103.8410645,1.30229497,103.8410645,,EXACT_COORDINATES,HIGH,Records have identical latitude and longitude but different AED IDs.,UNREVIEWED,
15,048619-005,048619-008,Republic Plaza,Republic Plaza,Raffles Place,Raffles Place,48619,48619,Level 32 K&L Gates Straits Law LLC Pantry,Level 32 K&L Gates Straits Law LLC Pantry,1.28318703,103.8508606,1.28318703,103.8508606,,EXACT_COORDINATES,HIGH,Records have identical latitude and longitude but different AED IDs.,UNREVIEWED,
16,058282-001,058282-002,Riverside Point,Riverside Point,Merchant Road,Merchant Road,58282,58282,"Level 1 Jumbo Seafood @ Riverside Point, Inside Dining Area","Level 2 Jumbo Seafood @ Riverside Point, Inside Dining Area",1.288939,103.844635,1.288939,103.844635,,EXACT_COORDINATES,HIGH,Records have identical latitude and longitude but different AED IDs.,UNREVIEWED,
17,058289-003,058289-004,Parkroyal On Pickering,Parkroyal On Pickering,Upper Pickering Street,Upper Pickering Street,58289,58289,Level 14 Fire Lift Lobby,Level 10 Fire Lift Lobby,1.28563595,103.846344,1.28563595,103.846344,,EXACT_COORDINATES,HIGH,Records have identical latitude and longitude but different AED IDs.,UNREVIEWED,
18,058289-003,058289-005,Parkroyal On Pickering,Parkroyal On Pickering,Upper Pickering Street,Upper Pickering Street,58289,58289,Level 14 Fire Lift Lobby,Level 6 Fire Lift Lobby,1.28563595,103.846344,1.28563595,103.846344,,EXACT_COORDINATES,HIGH,Records have identical latitude and longitude but different AED IDs.,UNREVIEWED,
19,058289-003,058289-006,Parkroyal On Pickering,Parkroyal On Pickering,Upper Pickering Street,Upper Pickering Street,58289,58289,Level 14 Fire Lift Lobby,Level 2 Fire Lift Lobby,1.28563595,103.846344,1.28563595,103.846344,,EXACT_COORDINATES,HIGH,Records have identical latitude and longitude but different AED IDs.,UNREVIEWED,
20,058289-003,058289-002,Parkroyal On Pickering,Parkroyal On Pickering,Upper Pickering Street,Upper Pickering Street,58289,58289,Level 14 Fire Lift Lobby,Level 5 Swimming Pool,1.28563595,103.846344,1.28563595,103.846344,,EXACT_COORDINATES,HIGH,Records have identical latitude and longitude but different AED IDs.,UNREVIEWED,
21,058289-003,058289-001,Parkroyal On Pickering,Parkroyal On Pickering,Upper Pickering Street,Upper Pickering Street,58289,58289,Level 14 Fire Lift Lobby,Level 1 Fire Command Centre,1.28563595,103.846344,1.28563595,103.846344,,EXACT_COORDINATES,HIGH,Records have identical latitude and longitude but different AED IDs.,UNREVIEWED,
22,058289-004,058289-005,Parkroyal On Pickering,Parkroyal On Pickering,Upper Pickering Street,Upper Pickering Street,58289,58289,Level 10 Fire Lift Lobby,Level 6 Fire Lift Lobby,1.28563595,103.846344,1.28563595,103.846344,,EXACT_COORDINATES,HIGH,Records have identical latitude and longitude but different AED IDs.,UNREVIEWED,
23,058289-004,058289-006,Parkroyal On Pickering,Parkroyal On Pickering,Upper Pickering Street,Upper Pickering Street,58289,58289,Level 10 Fire Lift Lobby,Level 2 Fire Lift Lobby,1.28563595,103.846344,1.28563595,103.846344,,EXACT_COORDINATES,HIGH,Records have identical latitude and longitude but different AED IDs.,UNREVIEWED,
24,058289-004,058289-002,Parkroyal On Pickering,Parkroyal On Pickering,Upper Pickering Street,Upper Pickering Street,58289,58289,Level 10 Fire Lift Lobby,Level 5 Swimming Pool,1.28563595,103.846344,1.28563595,103.846344,,EXACT_COORDINATES,HIGH,Records have identical latitude and longitude but different AED IDs.,UNREVIEWED,
25,058289-004,058289-001,Parkroyal On Pickering,Parkroyal On Pickering,Upper Pickering Street,Upper Pickering Street,58289,58289,Level 10 Fire Lift Lobby,Level 1 Fire Command Centre,1.28563595,103.846344,1.28563595,103.846344,,EXACT_COORDINATES,HIGH,Records have identical latitude and longitude but different AED IDs.,UNREVIEWED,
26,058289-005,058289-006,Parkroyal On Pickering,Parkroyal On Pickering,Upper Pickering Street,Upper Pickering Street,58289,58289,Level 6 Fire Lift Lobby,Level 2 Fire Lift Lobby,1.28563595,103.846344,1.28563595,103.846344,,EXACT_COORDINATES,HIGH,Records have identical latitude and longitude but different AED IDs.,UNREVIEWED,
27,058289-005,058289-002,Parkroyal On Pickering,Parkroyal On Pickering,Upper Pickering Street,Upper Pickering Street,58289,58289,Level 6 Fire Lift Lobby,Level 5 Swimming Pool,1.28563595,103.846344,1.28563595,103.846344,,EXACT_COORDINATES,HIGH,Records have identical latitude and longitude but different AED IDs.,UNREVIEWED,
28,058289-005,058289-001,Parkroyal On Pickering,Parkroyal On Pickering,Upper Pickering Street,Upper Pickering Street,58289,58289,Level 6 Fire Lift Lobby,Level 1 Fire Command Centre,1.28563595,103.846344,1.28563595,103.846344,,EXACT_COORDINATES,HIGH,Records have identical latitude and longitude but different AED IDs.,UNREVIEWED,
29,058289-006,058289-002,Parkroyal On Pickering,Parkroyal On Pickering,Upper Pickering Street,Upper Pickering Street,58289,58289,Level 2 Fire Lift Lobby,Level 5 Swimming Pool,1.28563595,103.846344,1.28563595,103.846344,,EXACT_COORDINATES,HIGH,Records have identical latitude and longitude but different AED IDs.,UNREVIEWED,
30,058289-006,058289-001,Parkroyal On Pickering,Parkroyal On Pickering,Upper Pickering Street,Upper Pickering Street,58289,58289,Level 2 Fire Lift Lobby,Level 1 Fire Command Centre,1.28563595,103.846344,1.28563595,103.846344,,EXACT_COORDINATES,HIGH,Records have identical latitude and longitude but different AED IDs.,UNREVIEWED,
31,058289-002,058289-001,Parkroyal On Pickering,Parkroyal On Pickering,Upper Pickering Street,Upper Pickering Street,58289,58289,Level 5 Swimming Pool,Level 1 Fire Command Centre,1.28563595,103.846344,1.28563595,103.846344,,EXACT_COORDINATES,HIGH,Records have identical latitude and longitude but different AED IDs.,UNREVIEWED,
32,088539-001,088539-002,Amara Singapore,Amara Singapore,Tanjong Pagar Road,Tanjong Pagar Road,88539,88539,Level B1 Inside Security Office,Level 6 Near To The Gym,1.27543294,103.8437271,1.27543294,103.8437271,,EXACT_COORDINATES,HIGH,Records have identical latitude and longitude but different AED IDs.,UNREVIEWED,
33,098134-002,098134-001,ESPA (RWS),ESPA (RWS),Sentosa Gateway,Sentosa Gateway,98134,98134,Level 1 Female Sleep Zone Corridor,Level 1 Reception Counter,1.25865102,103.8162766,1.25865102,103.8162766,,EXACT_COORDINATES,HIGH,Records have identical latitude and longitude but different AED IDs.,UNREVIEWED,
34,310480-002,310480-003,HDB Hub,HDB Hub,Lorong 6 Toa Payoh,Lorong 6 Toa Payoh,310480,310480,Level 2 Pillar Near Seating Area,Level 1 Fire Command Centre,1.33238602,103.8485489,1.33238602,103.8485489,,EXACT_COORDINATES,HIGH,Records have identical latitude and longitude but different AED IDs.,UNREVIEWED,
35,319387-001,319387-007,SAFRA Clubhouse (Toa Payoh),SAFRA Clubhouse (Toa Payoh),Lorong 6 Toa Payoh,Lorong 6 Toa Payoh,319387,319387,Level 1 Security Helpdesk,Level 2 Dance Floor,1.330401,103.854704,1.330401,103.854704,,EXACT_COORDINATES,HIGH,Records have identical latitude and longitude but different AED IDs.,UNREVIEWED,
36,319387-003,319387-005,SAFRA Clubhouse (Toa Payoh),SAFRA Clubhouse (Toa Payoh),Lorong 6 Toa Payoh,Lorong 6 Toa Payoh,319387,319387,Level 1 Gym,Level 2 Opposite Squash Court,1.329865,103.854291,1.329865,103.854291,,EXACT_COORDINATES,HIGH,Records have identical latitude and longitude but different AED IDs.,UNREVIEWED,
37,319387-004,319387-006,SAFRA Clubhouse (Toa Payoh),SAFRA Clubhouse (Toa Payoh),Lorong 6 Toa Payoh,Lorong 6 Toa Payoh,319387,319387,Level 1 Swimming Pool,Level 2 Badminton Hall,1.329999,103.854178,1.329999,103.854178,,EXACT_COORDINATES,HIGH,Records have identical latitude and longitude but different AED IDs.,UNREVIEWED,
38,339355-001,339355-002,Geylang Bahru MRT Station,Geylang Bahru MRT Station,Kallang Bahru,Kallang Bahru,339355,339355,Platform Level (DTL),Near Passenger Service Centre (DTL),1.32149994,103.8719025,1.32149994,103.8719025,,EXACT_COORDINATES,HIGH,Records have identical latitude and longitude but different AED IDs.,UNREVIEWED,
39,339356-001,339356-002,Bendemeer MRT Station,Bendemeer MRT Station,Kallang Bahru,Kallang Bahru,339356,339356,Platform Level (DTL),Near Passenger Service Centre (DTL),1.31369996,103.862999,1.31369996,103.862999,,EXACT_COORDINATES,HIGH,Records have identical latitude and longitude but different AED IDs.,UNREVIEWED,
40,339631-001,339631-002,Kolam Ayer Community Club,Kolam Ayer Community Club,Geylang Bahru Lane,Geylang Bahru Lane,339631,339631,Level 1 In Front Of CC Counter,Level 3 Beside Staircase,1.324257,103.869746,1.324257,103.869746,,EXACT_COORDINATES,HIGH,Records have identical latitude and longitude but different AED IDs.,UNREVIEWED,
41,357684-005,357684-006,Stamford American International School,Stamford American International School,Woodleigh Lane,Woodleigh Lane,357684,357684,Level B1 Stamford Swimming Pool,"Level B2 Adams Block, Outside Indoor Sports Hall",1.33699,103.8697662,1.33699,103.8697662,,EXACT_COORDINATES,HIGH,Records have identical latitude and longitude but different AED IDs.,UNREVIEWED,
42,415804-002,415804-001,Kaki Bukit MRT Station,Kaki Bukit MRT Station,Kaki Bukit Avenue 1,Kaki Bukit Avenue 1,415804,415804,Near Passenger Service Centre (DTL),Platform Level (DTL),1.33500004,103.9084015,1.33500004,103.9084015,,EXACT_COORDINATES,HIGH,Records have identical latitude and longitude but different AED IDs.,UNREVIEWED,
43,449150-002,449150-003,CHIJ Katong Convent School,CHIJ Katong Convent School,Marine Terrace,Marine Terrace,449150,449150,"Level 1 Blk Barre, BasketBall Court (Available During School Operating Hours. Approach Security Officer At Main Gate.)","Level 6 Blk Barre, Indoor Sports Hall (Available During School Operating Hours. Approach Security Officer At Main Gate.)",1.30690002,103.9178009,1.30690002,103.9178009,,EXACT_COORDINATES,HIGH,Records have identical latitude and longitude but different AED IDs.,UNREVIEWED,
44,449150-004,449150-005,CHIJ Katong Convent School,CHIJ Katong Convent School,Marine Terrace,Marine Terrace,449150,449150,"Level 1 Blk Theora, Near B01-12 (Available During School Operating Hours. Approach Security Officer At Main Gate.)","Level 5 Blk Theora, Near B05-10 (Available During School Operating Hours. Approach Security Officer At Main Gate.)",1.306602,103.9177704,1.306602,103.9177704,,EXACT_COORDINATES,HIGH,Records have identical latitude and longitude but different AED IDs.,UNREVIEWED,
45,449150-004,449150-006,CHIJ Katong Convent School,CHIJ Katong Convent School,Marine Terrace,Marine Terrace,449150,449150,"Level 1 Blk Theora, Near B01-12 (Available During School Operating Hours. Approach Security Officer At Main Gate.)","Level 3 Blk Theora, Near B03-10 (Available During School Operating Hours. Approach Security Officer At Main Gate.)",1.306602,103.9177704,1.306602,103.9177704,,EXACT_COORDINATES,HIGH,Records have identical latitude and longitude but different AED IDs.,UNREVIEWED,
46,449150-005,449150-006,CHIJ Katong Convent School,CHIJ Katong Convent School,Marine Terrace,Marine Terrace,449150,449150,"Level 5 Blk Theora, Near B05-10 (Available During School Operating Hours. Approach Security Officer At Main Gate.)","Level 3 Blk Theora, Near B03-10 (Available During School Operating Hours. Approach Security Officer At Main Gate.)",1.306602,103.9177704,1.306602,103.9177704,,EXACT_COORDINATES,HIGH,Records have identical latitude and longitude but different AED IDs.,UNREVIEWED,
47,449895-002,449895-003,East Coast Park Office,East Coast Park Office,East Coast Parkway,East Coast Parkway,449895,449895,Level 1 NParks Office (Buggy),Level 1 NParks Office (Buggy),1.29774797,103.9013901,1.29774797,103.9013901,,EXACT_COORDINATES,HIGH,Records have identical latitude and longitude but different AED IDs.,UNREVIEWED,
48,449895-002,449895-004,East Coast Park Office,East Coast Park Office,East Coast Parkway,East Coast Parkway,449895,449895,Level 1 NParks Office (Buggy),Level 1 NParks Office (Buggy),1.29774797,103.9013901,1.29774797,103.9013901,,EXACT_COORDINATES,HIGH,Records have identical latitude and longitude but different AED IDs.,UNREVIEWED,
49,449895-002,449895-001,East Coast Park Office,East Coast Park Office,East Coast Parkway,East Coast Parkway,449895,449895,Level 1 NParks Office (Buggy),Level 1 Behind NParks Office (Near Toilet),1.29774797,103.9013901,1.29774797,103.9013901,,EXACT_COORDINATES,HIGH,Records have identical latitude and longitude but different AED IDs.,UNREVIEWED,
50,449895-003,449895-004,East Coast Park Office,East Coast Park Office,East Coast Parkway,East Coast Parkway,449895,449895,Level 1 NParks Office (Buggy),Level 1 NParks Office (Buggy),1.29774797,103.9013901,1.29774797,103.9013901,,EXACT_COORDINATES,HIGH,Records have identical latitude and longitude but different AED IDs.,UNREVIEWED,
51,449895-003,449895-001,East Coast Park Office,East Coast Park Office,East Coast Parkway,East Coast Parkway,449895,449895,Level 1 NParks Office (Buggy),Level 1 Behind NParks Office (Near Toilet),1.29774797,103.9013901,1.29774797,103.9013901,,EXACT_COORDINATES,HIGH,Records have identical latitude and longitude but different AED IDs.,UNREVIEWED,
52,449895-004,449895-001,East Coast Park Office,East Coast Park Office,East Coast Parkway,East Coast Parkway,449895,449895,Level 1 NParks Office (Buggy),Level 1 Behind NParks Office (Near Toilet),1.29774797,103.9013901,1.29774797,103.9013901,,EXACT_COORDINATES,HIGH,Records have identical latitude and longitude but different AED IDs.,UNREVIEWED,
53,469724-001,469724-002,Bedok Reservoir MRT Station,Bedok Reservoir MRT Station,Bedok North Avenue 3,Bedok North Avenue 3,469724,469724,Near Passenger Service Centre (DTL),Platform Level (DTL),1.33663797,103.9320984,1.33663797,103.9320984,,EXACT_COORDINATES,HIGH,Records have identical latitude and longitude but different AED IDs.,UNREVIEWED,
54,479481-001,479481-002,Bedok North MRT Station,Bedok North MRT Station,Bedok North Road,Bedok North Road,479481,479481,Platform Level (DTL),Near Passenger Service Centre (DTL),1.33480001,103.9178009,1.33480001,103.9178009,,EXACT_COORDINATES,HIGH,Records have identical latitude and longitude but different AED IDs.,UNREVIEWED,
55,485985-001,485985-002,Expo MRT Station,Expo MRT Station,Expo Drive,Expo Drive,485985,485985,Near Passenger Service Centre (DTL),Platform Level (DTL),1.33538306,103.9623718,1.33538306,103.9623718,,EXACT_COORDINATES,HIGH,Records have identical latitude and longitude but different AED IDs.,UNREVIEWED,
56,485990-001,485990-002,Upper Changi MRT Station,Upper Changi MRT Station,Upper Changi Road East,Upper Changi Road East,485990,485990,Near Passenger Service Centre (DTL),Platform Level (DTL),1.34174001,103.9614716,1.34174001,103.9614716,,EXACT_COORDINATES,HIGH,Records have identical latitude and longitude but different AED IDs.,UNREVIEWED,
57,498992-002,498992-001,Changi Beach Park,Changi Beach Park,Nicoll Drive,Nicoll Drive,498992,498992,Level 1 NParks Office (Buggy),Level 1 Outside NParks Office,1.39160001,103.9898987,1.39160001,103.9898987,,EXACT_COORDINATES,HIGH,Records have identical latitude and longitude but different AED IDs.,UNREVIEWED,
58,378956-001,378956-002,MacPherson MRT Station,MacPherson MRT Station,Circuit Link,Circuit Link,378956,378956,Platform Level (DTL),Platform Level (DTL),1.32630003,103.8895035,1.32630003,103.8895035,,EXACT_COORDINATES,HIGH,Records have identical latitude and longitude but different AED IDs.,UNREVIEWED,
59,378956-001,378956-003,MacPherson MRT Station,MacPherson MRT Station,Circuit Link,Circuit Link,378956,378956,Platform Level (DTL),Near Passenger Service Centre (DTL),1.32630003,103.8895035,1.32630003,103.8895035,,EXACT_COORDINATES,HIGH,Records have identical latitude and longitude but different AED IDs.,UNREVIEWED,
60,378956-002,378956-003,MacPherson MRT Station,MacPherson MRT Station,Circuit Link,Circuit Link,378956,378956,Platform Level (DTL),Near Passenger Service Centre (DTL),1.32630003,103.8895035,1.32630003,103.8895035,,EXACT_COORDINATES,HIGH,Records have identical latitude and longitude but different AED IDs.,UNREVIEWED,
61,379314-001,379314-002,Mattar MRT Station,Mattar MRT Station,Merpati Road,Merpati Road,379314,379314,Platform Level (DTL),Near Passenger Service Centre (DTL),1.32690001,103.8833008,1.32690001,103.8833008,,EXACT_COORDINATES,HIGH,Records have identical latitude and longitude but different AED IDs.,UNREVIEWED,
62,408899-001,408899-002,Ubi MRT Station,Ubi MRT Station,Ubi Avenue 2,Ubi Avenue 2,408899,408899,Platform Level (DTL),Near Passenger Service Centre (DTL),1.33000004,103.8992996,1.33000004,103.8992996,,EXACT_COORDINATES,HIGH,Records have identical latitude and longitude but different AED IDs.,UNREVIEWED,
63,409057-001,409057-002,PLQ Mall,PLQ Mall,Paya Lebar Road,Paya Lebar Road,409057,409057,Level B2 EPN Carpark Lift Lobby 1,Level B1A EPN Carpark Lift Lobby 1,1.31559002,103.8927994,1.31559002,103.8927994,,EXACT_COORDINATES,HIGH,Records have identical latitude and longitude but different AED IDs.,UNREVIEWED,
64,409057-001,409057-003,PLQ Mall,PLQ Mall,Paya Lebar Road,Paya Lebar Road,409057,409057,Level B2 EPN Carpark Lift Lobby 1,Level B1 EPN Carpark Lift Lobby 1,1.31559002,103.8927994,1.31559002,103.8927994,,EXACT_COORDINATES,HIGH,Records have identical latitude and longitude but different AED IDs.,UNREVIEWED,
65,409057-001,409057-004,PLQ Mall,PLQ Mall,Paya Lebar Road,Paya Lebar Road,409057,409057,Level B2 EPN Carpark Lift Lobby 1,Level 1 EPN Carpark Lift Lobby 1,1.31559002,103.8927994,1.31559002,103.8927994,,EXACT_COORDINATES,HIGH,Records have identical latitude and longitude but different AED IDs.,UNREVIEWED,
66,409057-002,409057-003,PLQ Mall,PLQ Mall,Paya Lebar Road,Paya Lebar Road,409057,409057,Level B1A EPN Carpark Lift Lobby 1,Level B1 EPN Carpark Lift Lobby 1,1.31559002,103.8927994,1.31559002,103.8927994,,EXACT_COORDINATES,HIGH,Records have identical latitude and longitude but different AED IDs.,UNREVIEWED,
67,409057-002,409057-004,PLQ Mall,PLQ Mall,Paya Lebar Road,Paya Lebar Road,409057,409057,Level B1A EPN Carpark Lift Lobby 1,Level 1 EPN Carpark Lift Lobby 1,1.31559002,103.8927994,1.31559002,103.8927994,,EXACT_COORDINATES,HIGH,Records have identical latitude and longitude but different AED IDs.,UNREVIEWED,
68,409057-003,409057-004,PLQ Mall,PLQ Mall,Paya Lebar Road,Paya Lebar Road,409057,409057,Level B1 EPN Carpark Lift Lobby 1,Level 1 EPN Carpark Lift Lobby 1,1.31559002,103.8927994,1.31559002,103.8927994,,EXACT_COORDINATES,HIGH,Records have identical latitude and longitude but different AED IDs.,UNREVIEWED,
69,409057-005,409057-006,PLQ Mall,PLQ Mall,Paya Lebar Road,Paya Lebar Road,409057,409057,Level B2 Fire Lift Lobby 1,Level B1 Fire Lift Lobby 1,1.31756997,103.8925095,1.31756997,103.8925095,,EXACT_COORDINATES,HIGH,Records have identical latitude and longitude but different AED IDs.,UNREVIEWED,
70,409057-005,409057-007,PLQ Mall,PLQ Mall,Paya Lebar Road,Paya Lebar Road,409057,409057,Level B2 Fire Lift Lobby 1,Level B1 Customer Service Counter,1.31756997,103.8925095,1.31756997,103.8925095,,EXACT_COORDINATES,HIGH,Records have identical latitude and longitude but different AED IDs.,UNREVIEWED,
71,409057-005,409057-008,PLQ Mall,PLQ Mall,Paya Lebar Road,Paya Lebar Road,409057,409057,Level B2 Fire Lift Lobby 1,Level 1 Fire Lift Lobby 1,1.31756997,103.8925095,1.31756997,103.8925095,,EXACT_COORDINATES,HIGH,Records have identical latitude and longitude but different AED IDs.,UNREVIEWED,
72,409057-005,409057-009,PLQ Mall,PLQ Mall,Paya Lebar Road,Paya Lebar Road,409057,409057,Level B2 Fire Lift Lobby 1,Level 2 Fire Lift Lobby 1,1.31756997,103.8925095,1.31756997,103.8925095,,EXACT_COORDINATES,HIGH,Records have identical latitude and longitude but different AED IDs.,UNREVIEWED,
73,409057-005,409057-010,PLQ Mall,PLQ Mall,Paya Lebar Road,Paya Lebar Road,409057,409057,Level B2 Fire Lift Lobby 1,Level 3 Fire Lift Lobby 1,1.31756997,103.8925095,1.31756997,103.8925095,,EXACT_COORDINATES,HIGH,Records have identical latitude and longitude but different AED IDs.,UNREVIEWED,
74,409057-005,409057-011,PLQ Mall,PLQ Mall,Paya Lebar Road,Paya Lebar Road,409057,409057,Level B2 Fire Lift Lobby 1,Level 4 Fire Lift Lobby 1,1.31756997,103.8925095,1.31756997,103.8925095,,EXACT_COORDINATES,HIGH,Records have identical latitude and longitude but different AED IDs.,UNREVIEWED,
75,409057-005,409057-012,PLQ Mall,PLQ Mall,Paya Lebar Road,Paya Lebar Road,409057,409057,Level B2 Fire Lift Lobby 1,Level 5 Fire Lift Lobby 1,1.31756997,103.8925095,1.31756997,103.8925095,,EXACT_COORDINATES,HIGH,Records have identical latitude and longitude but different AED IDs.,UNREVIEWED,
76,409057-005,409057-013,PLQ Mall,PLQ Mall,Paya Lebar Road,Paya Lebar Road,409057,409057,Level B2 Fire Lift Lobby 1,Level 7 Fire Lift Lobby 1 (Rooftop),1.31756997,103.8925095,1.31756997,103.8925095,,EXACT_COORDINATES,HIGH,Records have identical latitude and longitude but different AED IDs.,UNREVIEWED,
77,409057-006,409057-007,PLQ Mall,PLQ Mall,Paya Lebar Road,Paya Lebar Road,409057,409057,Level B1 Fire Lift Lobby 1,Level B1 Customer Service Counter,1.31756997,103.8925095,1.31756997,103.8925095,,EXACT_COORDINATES,HIGH,Records have identical latitude and longitude but different AED IDs.,UNREVIEWED,
78,409057-006,409057-008,PLQ Mall,PLQ Mall,Paya Lebar Road,Paya Lebar Road,409057,409057,Level B1 Fire Lift Lobby 1,Level 1 Fire Lift Lobby 1,1.31756997,103.8925095,1.31756997,103.8925095,,EXACT_COORDINATES,HIGH,Records have identical latitude and longitude but different AED IDs.,UNREVIEWED,
79,409057-006,409057-009,PLQ Mall,PLQ Mall,Paya Lebar Road,Paya Lebar Road,409057,409057,Level B1 Fire Lift Lobby 1,Level 2 Fire Lift Lobby 1,1.31756997,103.8925095,1.31756997,103.8925095,,EXACT_COORDINATES,HIGH,Records have identical latitude and longitude but different AED IDs.,UNREVIEWED,
80,409057-006,409057-010,PLQ Mall,PLQ Mall,Paya Lebar Road,Paya Lebar Road,409057,409057,Level B1 Fire Lift Lobby 1,Level 3 Fire Lift Lobby 1,1.31756997,103.8925095,1.31756997,103.8925095,,EXACT_COORDINATES,HIGH,Records have identical latitude and longitude but different AED IDs.,UNREVIEWED,
81,409057-006,409057-011,PLQ Mall,PLQ Mall,Paya Lebar Road,Paya Lebar Road,409057,409057,Level B1 Fire Lift Lobby 1,Level 4 Fire Lift Lobby 1,1.31756997,103.8925095,1.31756997,103.8925095,,EXACT_COORDINATES,HIGH,Records have identical latitude and longitude but different AED IDs.,UNREVIEWED,
82,409057-006,409057-012,PLQ Mall,PLQ Mall,Paya Lebar Road,Paya Lebar Road,409057,409057,Level B1 Fire Lift Lobby 1,Level 5 Fire Lift Lobby 1,1.31756997,103.8925095,1.31756997,103.8925095,,EXACT_COORDINATES,HIGH,Records have identical latitude and longitude but different AED IDs.,UNREVIEWED,
83,409057-006,409057-013,PLQ Mall,PLQ Mall,Paya Lebar Road,Paya Lebar Road,409057,409057,Level B1 Fire Lift Lobby 1,Level 7 Fire Lift Lobby 1 (Rooftop),1.31756997,103.8925095,1.31756997,103.8925095,,EXACT_COORDINATES,HIGH,Records have identical latitude and longitude but different AED IDs.,UNREVIEWED,
84,409057-007,409057-008,PLQ Mall,PLQ Mall,Paya Lebar Road,Paya Lebar Road,409057,409057,Level B1 Customer Service Counter,Level 1 Fire Lift Lobby 1,1.31756997,103.8925095,1.31756997,103.8925095,,EXACT_COORDINATES,HIGH,Records have identical latitude and longitude but different AED IDs.,UNREVIEWED,
85,409057-007,409057-009,PLQ Mall,PLQ Mall,Paya Lebar Road,Paya Lebar Road,409057,409057,Level B1 Customer Service Counter,Level 2 Fire Lift Lobby 1,1.31756997,103.8925095,1.31756997,103.8925095,,EXACT_COORDINATES,HIGH,Records have identical latitude and longitude but different AED IDs.,UNREVIEWED,
86,409057-007,409057-010,PLQ Mall,PLQ Mall,Paya Lebar Road,Paya Lebar Road,409057,409057,Level B1 Customer Service Counter,Level 3 Fire Lift Lobby 1,1.31756997,103.8925095,1.31756997,103.8925095,,EXACT_COORDINATES,HIGH,Records have identical latitude and longitude but different AED IDs.,UNREVIEWED,
87,409057-007,409057-011,PLQ Mall,PLQ Mall,Paya Lebar Road,Paya Lebar Road,409057,409057,Level B1 Customer Service Counter,Level 4 Fire Lift Lobby 1,1.31756997,103.8925095,1.31756997,103.8925095,,EXACT_COORDINATES,HIGH,Records have identical latitude and longitude but different AED IDs.,UNREVIEWED,
88,409057-007,409057-012,PLQ Mall,PLQ Mall,Paya Lebar Road,Paya Lebar Road,409057,409057,Level B1 Customer Service Counter,Level 5 Fire Lift Lobby 1,1.31756997,103.8925095,1.31756997,103.8925095,,EXACT_COORDINATES,HIGH,Records have identical latitude and longitude but different AED IDs.,UNREVIEWED,
89,409057-007,409057-013,PLQ Mall,PLQ Mall,Paya Lebar Road,Paya Lebar Road,409057,409057,Level B1 Customer Service Counter,Level 7 Fire Lift Lobby 1 (Rooftop),1.31756997,103.8925095,1.31756997,103.8925095,,EXACT_COORDINATES,HIGH,Records have identical latitude and longitude but different AED IDs.,UNREVIEWED,
90,409057-008,409057-009,PLQ Mall,PLQ Mall,Paya Lebar Road,Paya Lebar Road,409057,409057,Level 1 Fire Lift Lobby 1,Level 2 Fire Lift Lobby 1,1.31756997,103.8925095,1.31756997,103.8925095,,EXACT_COORDINATES,HIGH,Records have identical latitude and longitude but different AED IDs.,UNREVIEWED,
91,409057-008,409057-010,PLQ Mall,PLQ Mall,Paya Lebar Road,Paya Lebar Road,409057,409057,Level 1 Fire Lift Lobby 1,Level 3 Fire Lift Lobby 1,1.31756997,103.8925095,1.31756997,103.8925095,,EXACT_COORDINATES,HIGH,Records have identical latitude and longitude but different AED IDs.,UNREVIEWED,
92,409057-008,409057-011,PLQ Mall,PLQ Mall,Paya Lebar Road,Paya Lebar Road,409057,409057,Level 1 Fire Lift Lobby 1,Level 4 Fire Lift Lobby 1,1.31756997,103.8925095,1.31756997,103.8925095,,EXACT_COORDINATES,HIGH,Records have identical latitude and longitude but different AED IDs.,UNREVIEWED,
93,409057-008,409057-012,PLQ Mall,PLQ Mall,Paya Lebar Road,Paya Lebar Road,409057,409057,Level 1 Fire Lift Lobby 1,Level 5 Fire Lift Lobby 1,1.31756997,103.8925095,1.31756997,103.8925095,,EXACT_COORDINATES,HIGH,Records have identical latitude and longitude but different AED IDs.,UNREVIEWED,
94,409057-008,409057-013,PLQ Mall,PLQ Mall,Paya Lebar Road,Paya Lebar Road,409057,409057,Level 1 Fire Lift Lobby 1,Level 7 Fire Lift Lobby 1 (Rooftop),1.31756997,103.8925095,1.31756997,103.8925095,,EXACT_COORDINATES,HIGH,Records have identical latitude and longitude but different AED IDs.,UNREVIEWED,
95,409057-009,409057-010,PLQ Mall,PLQ Mall,Paya Lebar Road,Paya Lebar Road,409057,409057,Level 2 Fire Lift Lobby 1,Level 3 Fire Lift Lobby 1,1.31756997,103.8925095,1.31756997,103.8925095,,EXACT_COORDINATES,HIGH,Records have identical latitude and longitude but different AED IDs.,UNREVIEWED,
96,409057-009,409057-011,PLQ Mall,PLQ Mall,Paya Lebar Road,Paya Lebar Road,409057,409057,Level 2 Fire Lift Lobby 1,Level 4 Fire Lift Lobby 1,1.31756997,103.8925095,1.31756997,103.8925095,,EXACT_COORDINATES,HIGH,Records have identical latitude and longitude but different AED IDs.,UNREVIEWED,
97,409057-009,409057-012,PLQ Mall,PLQ Mall,Paya Lebar Road,Paya Lebar Road,409057,409057,Level 2 Fire Lift Lobby 1,Level 5 Fire Lift Lobby 1,1.31756997,103.8925095,1.31756997,103.8925095,,EXACT_COORDINATES,HIGH,Records have identical latitude and longitude but different AED IDs.,UNREVIEWED,
98,409057-009,409057-013,PLQ Mall,PLQ Mall,Paya Lebar Road,Paya Lebar Road,409057,409057,Level 2 Fire Lift Lobby 1,Level 7 Fire Lift Lobby 1 (Rooftop),1.31756997,103.8925095,1.31756997,103.8925095,,EXACT_COORDINATES,HIGH,Records have identical latitude and longitude but different AED IDs.,UNREVIEWED,
99,409057-010,409057-011,PLQ Mall,PLQ Mall,Paya Lebar Road,Paya Lebar Road,409057,409057,Level 3 Fire Lift Lobby 1,Level 4 Fire Lift Lobby 1,1.31756997,103.8925095,1.31756997,103.8925095,,EXACT_COORDINATES,HIGH,Records have identical latitude and longitude but different AED IDs.,UNREVIEWED,
100,409057-010,409057-012,PLQ Mall,PLQ Mall,Paya Lebar Road,Paya Lebar Road,409057,409057,Level 3 Fire Lift Lobby 1,Level 5 Fire Lift Lobby 1,1.31756997,103.8925095,1.31756997,103.8925095,,EXACT_COORDINATES,HIGH,Records have identical latitude and longitude but different AED IDs.,UNREVIEWED,
